country,code,year,emission,flag
Africa,,1884,0.00016810493,True
Africa,,1885,0.00027865346,True
Africa,,1886,0.00036027696,True
Africa,,1887,0.00035830968,True
Africa,,1888,0.00060305005,True
Africa,,1889,0.0009820405,True
Africa,,1890,0.0022003131,True
Africa,,1891,0.0021923848,True
Africa,,1892,0.0035353242,True
Africa,,1893,0.013219625,True
Africa,,1894,0.017834708,True
Africa,,1895,0.024409406,True
Africa,,1896,0.031057494,True
Africa,,1897,0.034764815,True
Africa,,1898,0.043902785,True
Africa,,1899,0.039936516,True
Africa,,1900,0.016815761,True
Africa,,1901,0.028121473,True
Africa,,1902,0.04176499,True
Africa,,1903,0.056402333,True
Africa,,1904,0.06341765,True
Africa,,1905,0.07276437,True
Africa,,1906,0.08275714,True
Africa,,1907,0.0909625,True
Africa,,1908,0.09390756,True
Africa,,1909,0.10735923,True
Africa,,1910,0.12100435,True
Africa,,1911,0.116731,True
Africa,,1912,0.123760745,True
Africa,,1913,0.13460414,True
Africa,,1914,0.13367727,True
Africa,,1915,0.13349853,True
Africa,,1916,0.15768538,True
Africa,,1917,0.17112114,True
Africa,,1918,0.16625711,True
Africa,,1919,0.17010342,True
Africa,,1920,0.18615878,True
Africa,,1921,0.18404068,True
Africa,,1922,0.15595937,True
Africa,,1923,0.18666829,True
Africa,,1924,0.19445343,True
Africa,,1925,0.20180704,True
Africa,,1926,0.21327865,True
Africa,,1927,0.2069944,True
Africa,,1928,0.21005066,True
Africa,,1929,0.21359752,True
Africa,,1930,0.19853099,True
Africa,,1931,0.17142504,True
Africa,,1932,0.15295953,True
Africa,,1933,0.16163766,True
Africa,,1934,0.18227975,True
Africa,,1935,0.19862159,True
Africa,,1936,0.21307538,True
Africa,,1937,0.22562651,True
Africa,,1938,0.23430876,True
Africa,,1939,0.24609981,True
Africa,,1940,0.25714242,True
Africa,,1941,0.27570948,True
Africa,,1942,0.2956288,True
Africa,,1943,0.29735428,True
Africa,,1944,0.3243292,True
Africa,,1945,0.32344264,True
Africa,,1946,0.32124582,True
Africa,,1947,0.31506482,True
Africa,,1948,0.32733774,True
Africa,,1949,0.34674028,True
Africa,,1950,0.41701305,True
Africa,,1951,0.43538994,True
Africa,,1952,0.4650465,True
Africa,,1953,0.46213555,True
Africa,,1954,0.47455564,True
Africa,,1955,0.511079,True
Africa,,1956,0.52181756,True
Africa,,1957,0.5348022,True
Africa,,1958,0.5492976,True
Africa,,1959,0.5339706,True
Africa,,1960,0.5522528,True
Africa,,1961,0.5578654,True
Africa,,1962,0.55908394,True
Africa,,1963,0.57831824,True
Africa,,1964,0.61948013,True
Africa,,1965,0.6665221,True
Africa,,1966,0.6725036,True
Africa,,1967,0.7027146,True
Africa,,1968,0.7429979,True
Africa,,1969,0.7812512,True
Africa,,1970,0.8285632,True
Africa,,1971,0.88492876,True
Africa,,1972,0.9141623,True
Africa,,1973,0.95599747,True
Africa,,1974,0.95552486,True
Africa,,1975,0.9262899,True
Africa,,1976,0.97684073,True
Africa,,1977,0.9794306,True
Africa,,1978,1.0164287,True
Africa,,1979,1.0650721,True
Africa,,1980,1.1113187,True
Africa,,1981,1.1046573,True
Africa,,1982,1.1166936,True
Africa,,1983,1.1277032,True
Africa,,1984,1.1966531,True
Africa,,1985,1.191995,True
Africa,,1986,1.2000366,True
Africa,,1987,1.1665251,True
Africa,,1988,1.1920505,True
Africa,,1989,1.1169115,True
Africa,,1990,1.0240961,True
Africa,,1991,1.041674,True
Africa,,1992,0.9838701,True
Africa,,1993,1.0155436,True
Africa,,1994,1.1075671,True
Africa,,1995,1.154304,True
Africa,,1996,1.1624247,True
Africa,,1997,1.1620444,True
Africa,,1998,1.1567284,True
Africa,,1999,1.1124499,True
Africa,,2000,1.1223302,True
Africa,,2001,1.0824622,True
Africa,,2002,1.0319118,True
Africa,,2003,1.1064153,True
Africa,,2004,1.1397791,True
Africa,,2005,1.1255214,True
Africa,,2006,1.1300635,True
Africa,,2007,1.1274081,True
Africa,,2008,1.1555071,True
Africa,,2009,1.119719,True
Africa,,2010,1.1362721,True
Africa,,2011,1.1445001,True
Africa,,2012,1.125614,True
Africa,,2013,1.1082679,True
Africa,,2014,1.1428827,True
Africa,,2015,1.0937093,True
Africa,,2016,1.1004659,True
Africa,,2017,1.0873753,True
Africa,,2018,1.0554873,True
Africa,,2019,1.0988438,True
Africa,,2020,0.98307353,True
Africa,,2021,1.0208932,True
Africa,,2022,0.99125665,True
Africa,,2023,0.95925564,True
Asia,,1750,0.0,True
Asia,,1760,0.0,True
Asia,,1770,0.0,True
Asia,,1780,0.0,True
Asia,,1790,0.0,True
Asia,,1800,0.0,True
Asia,,1801,0.0,True
Asia,,1802,0.0,True
Asia,,1803,0.0,True
Asia,,1804,0.0,True
Asia,,1805,0.0,True
Asia,,1806,0.0,True
Asia,,1807,0.0,True
Asia,,1808,0.0,True
Asia,,1809,0.0,True
Asia,,1810,0.0,True
Asia,,1811,0.0,True
Asia,,1812,0.0,True
Asia,,1813,0.0,True
Asia,,1814,0.0,True
Asia,,1815,0.0,True
Asia,,1816,0.0,True
Asia,,1817,0.0,True
Asia,,1818,0.0,True
Asia,,1819,0.0,True
Asia,,1820,0.0,True
Asia,,1821,0.0,True
Asia,,1822,0.0,True
Asia,,1823,0.0,True
Asia,,1824,0.0,True
Asia,,1825,0.0,True
Asia,,1826,0.0,True
Asia,,1827,0.0,True
Asia,,1828,0.0,True
Asia,,1829,0.0,True
Asia,,1830,2.9968292e-06,True
Asia,,1831,3.5845335e-06,True
Asia,,1832,2.380552e-06,True
Asia,,1833,2.9704067e-06,True
Asia,,1834,0.0,True
Asia,,1835,0.0,True
Asia,,1836,0.0,True
Asia,,1837,0.0,True
Asia,,1838,0.0,True
Asia,,1839,0.0,True
Asia,,1840,0.0,True
Asia,,1841,0.0,True
Asia,,1842,0.0,True
Asia,,1843,0.0,True
Asia,,1844,0.0,True
Asia,,1845,0.0,True
Asia,,1846,0.0,True
Asia,,1847,0.0,True
Asia,,1848,0.0,True
Asia,,1849,0.0,True
Asia,,1850,1.7806415e-05,True
Asia,,1851,0.0,True
Asia,,1852,0.0,True
Asia,,1853,0.0,True
Asia,,1854,0.0,True
Asia,,1855,5.450387e-05,True
Asia,,1856,0.0,True
Asia,,1857,0.0,True
Asia,,1858,0.0005625302,True
Asia,,1859,0.0008664723,True
Asia,,1860,0.00090197864,True
Asia,,1861,0.0007519094,True
Asia,,1862,0.0008042576,True
Asia,,1863,0.00088381174,True
Asia,,1864,0.0008585896,True
Asia,,1865,0.0010253446,True
Asia,,1866,0.0014887603,True
Asia,,1867,0.0007859528,True
Asia,,1868,0.0006511147,True
Asia,,1869,0.0009224192,True
Asia,,1870,0.0008342256,True
Asia,,1871,0.0011069558,True
Asia,,1872,0.0011937274,True
Asia,,1873,0.0011379299,True
Asia,,1874,0.0019924596,True
Asia,,1875,0.0032851817,True
Asia,,1876,0.0034041656,True
Asia,,1877,0.0034928066,True
Asia,,1878,0.0065758345,True
Asia,,1879,0.0068087378,True
Asia,,1880,0.007400142,True
Asia,,1881,0.007555156,True
Asia,,1882,0.0081413165,True
Asia,,1883,0.008951269,True
Asia,,1884,0.0095831,True
Asia,,1885,0.009930874,True
Asia,,1886,0.010537968,True
Asia,,1887,0.012111857,True
Asia,,1888,0.013388593,True
Asia,,1889,0.015658999,True
Asia,,1890,0.017046528,True
Asia,,1891,0.01933686,True
Asia,,1892,0.02043845,True
Asia,,1893,0.022722257,True
Asia,,1894,0.02519956,True
Asia,,1895,0.028997744,True
Asia,,1896,0.030751001,True
Asia,,1897,0.03328395,True
Asia,,1898,0.039641257,True
Asia,,1899,0.04176082,True
Asia,,1900,0.047264937,True
Asia,,1901,0.053760987,True
Asia,,1902,0.05556421,True
Asia,,1903,0.057961065,True
Asia,,1904,0.06469791,True
Asia,,1905,0.06536822,True
Asia,,1906,0.07239307,True
Asia,,1907,0.09938832,True
Asia,,1908,0.10758203,True
Asia,,1909,0.11004245,True
Asia,,1910,0.11080716,True
Asia,,1911,0.11695115,True
Asia,,1912,0.118089356,True
Asia,,1913,0.13445003,True
Asia,,1914,0.13882375,True
Asia,,1915,0.13180952,True
Asia,,1916,0.14352056,True
Asia,,1917,0.1539661,True
Asia,,1918,0.15737565,True
Asia,,1919,0.17177705,True
Asia,,1920,0.16290495,True
Asia,,1921,0.1583579,True
Asia,,1922,0.16588384,True
Asia,,1923,0.18099648,True
Asia,,1924,0.19238845,True
Asia,,1925,0.19293448,True
Asia,,1926,0.19452149,True
Asia,,1927,0.20892985,True
Asia,,1928,0.21756788,True
Asia,,1929,0.2244509,True
Asia,,1930,0.22211511,True
Asia,,1931,0.21212724,True
Asia,,1932,0.21005508,True
Asia,,1933,0.22809798,True
Asia,,1934,0.25584638,True
Asia,,1935,0.27569777,True
Asia,,1936,0.29443884,True
Asia,,1937,0.3082418,True
Asia,,1938,0.31218752,True
Asia,,1939,0.32800668,True
Asia,,1940,0.36616752,True
Asia,,1941,0.36858636,True
Asia,,1942,0.3424926,True
Asia,,1943,0.3351682,True
Asia,,1944,0.33386227,True
Asia,,1945,0.24739653,True
Asia,,1946,0.23673382,True
Asia,,1947,0.28367177,True
Asia,,1948,0.28458616,True
Asia,,1949,0.28098288,True
Asia,,1950,0.29293936,True
Asia,,1951,0.32632697,True
Asia,,1952,0.35442162,True
Asia,,1953,0.37120175,True
Asia,,1954,0.39782244,True
Asia,,1955,0.44308576,True
Asia,,1956,0.48091874,True
Asia,,1957,0.52905715,True
Asia,,1958,0.69742274,True
Asia,,1959,0.8252759,True
Asia,,1960,0.90949446,True
Asia,,1961,0.81105024,True
Asia,,1962,0.7657531,True
Asia,,1963,0.7909394,True
Asia,,1964,0.81594896,True
Asia,,1965,0.8710913,True
Asia,,1966,0.92623234,True
Asia,,1967,0.91883945,True
Asia,,1968,0.9907735,True
Asia,,1969,1.0978135,True
Asia,,1970,1.262453,True
Asia,,1971,1.350016,True
Asia,,1972,1.3982882,True
Asia,,1973,1.4642987,True
Asia,,1974,1.4581523,True
Asia,,1975,1.4979613,True
Asia,,1976,1.5612663,True
Asia,,1977,1.6297016,True
Asia,,1978,1.6711136,True
Asia,,1979,1.7069349,True
Asia,,1980,1.6718017,True
Asia,,1981,1.6293182,True
Asia,,1982,1.6513888,True
Asia,,1983,1.6839114,True
Asia,,1984,1.7473931,True
Asia,,1985,1.813316,True
Asia,,1986,1.8534385,True
Asia,,1987,1.8939905,True
Asia,,1988,2.005307,True
Asia,,1989,2.035061,True
Asia,,1990,2.051765,True
Asia,,1991,2.252347,True
Asia,,1992,2.1685,True
Asia,,1993,2.2310123,True
Asia,,1994,2.2995026,True
Asia,,1995,2.3705173,True
Asia,,1996,2.430898,True
Asia,,1997,2.428275,True
Asia,,1998,2.3271856,True
Asia,,1999,2.427641,True
Asia,,2000,2.4919279,True
Asia,,2001,2.5070364,True
Asia,,2002,2.609737,True
Asia,,2003,2.8354256,True
Asia,,2004,2.9661918,True
Asia,,2005,3.1437433,True
Asia,,2006,3.316449,True
Asia,,2007,3.4557917,True
Asia,,2008,3.589622,True
Asia,,2009,3.6750472,True
Asia,,2010,3.90551,True
Asia,,2011,4.147847,True
Asia,,2012,4.253931,True
Asia,,2013,4.260038,True
Asia,,2014,4.269868,True
Asia,,2015,4.24969,True
Asia,,2016,4.239441,True
Asia,,2017,4.3177757,True
Asia,,2018,4.4089265,True
Asia,,2019,4.491228,True
Asia,,2020,4.4027486,True
Asia,,2021,4.5877466,True
Asia,,2022,4.5963426,True
Asia,,2023,4.731386,True
Europe,,1750,0.060671125,True
Europe,,1760,0.06525124,True
Europe,,1770,0.07750265,True
Europe,,1780,0.08952162,True
Europe,,1790,0.10948523,True
Europe,,1800,0.16674893,True
Europe,,1801,0.16206962,True
Europe,,1802,0.20353201,True
Europe,,1803,0.14800158,True
Europe,,1804,0.15834765,True
Europe,,1805,0.15495482,True
Europe,,1806,0.16148834,True
Europe,,1807,0.17784221,True
Europe,,1808,0.17342553,True
Europe,,1809,0.17662488,True
Europe,,1810,0.19075261,True
Europe,,1811,0.192589,True
Europe,,1812,0.1939764,True
Europe,,1813,0.19398937,True
Europe,,1814,0.19689113,True
Europe,,1815,0.20127033,True
Europe,,1816,0.20793739,True
Europe,,1817,0.22302161,True
Europe,,1818,0.23012555,True
Europe,,1819,0.22588727,True
Europe,,1820,0.22237076,True
Europe,,1821,0.22647488,True
Europe,,1822,0.23298426,True
Europe,,1823,0.24110673,True
Europe,,1824,0.2439491,True
Europe,,1825,0.25490394,True
Europe,,1826,0.2547321,True
Europe,,1827,0.2703259,True
Europe,,1828,0.27133128,True
Europe,,1829,0.26664096,True
Europe,,1830,0.35617417,True
Europe,,1831,0.3292742,True
Europe,,1832,0.31890324,True
Europe,,1833,0.31905016,True
Europe,,1834,0.3390694,True
Europe,,1835,0.36678123,True
Europe,,1836,0.39945665,True
Europe,,1837,0.3914143,True
Europe,,1838,0.38807026,True
Europe,,1839,0.39788458,True
Europe,,1840,0.42845514,True
Europe,,1841,0.4369793,True
Europe,,1842,0.4586582,True
Europe,,1843,0.4640028,True
Europe,,1844,0.49102497,True
Europe,,1845,0.529346,True
Europe,,1846,0.5300987,True
Europe,,1847,0.56591445,True
Europe,,1848,0.5665373,True
Europe,,1849,0.59869826,True
Europe,,1850,0.63141084,True
Europe,,1851,0.61719257,True
Europe,,1852,0.6365532,True
Europe,,1853,0.6545445,True
Europe,,1854,0.77187663,True
Europe,,1855,0.7669065,True
Europe,,1856,0.8144841,True
Europe,,1857,0.8146005,True
Europe,,1858,0.82024896,True
Europe,,1859,0.8592525,True
Europe,,1860,0.9445054,True
Europe,,1861,1.0002671,True
Europe,,1862,1.0084397,True
Europe,,1863,1.0544885,True
Europe,,1864,1.1298357,True
Europe,,1865,1.2014315,True
Europe,,1866,1.2327118,True
Europe,,1867,1.2821466,True
Europe,,1868,1.2868906,True
Europe,,1869,1.33787,True
Europe,,1870,1.3468951,True
Europe,,1871,1.424868,True
Europe,,1872,1.5271455,True
Europe,,1873,1.5945318,True
Europe,,1874,1.4672133,True
Europe,,1875,1.6062738,True
Europe,,1876,1.6309627,True
Europe,,1877,1.6146747,True
Europe,,1878,1.6190804,True
Europe,,1879,1.6583041,True
Europe,,1880,1.8508561,True
Europe,,1881,1.885325,True
Europe,,1882,1.9344652,True
Europe,,1883,2.0283203,True
Europe,,1884,1.9996406,True
Europe,,1885,1.9910839,True
Europe,,1886,1.9737229,True
Europe,,1887,2.0329933,True
Europe,,1888,2.1371064,True
Europe,,1889,2.2200224,True
Europe,,1890,2.303845,True
Europe,,1891,2.3660555,True
Europe,,1892,2.3109128,True
Europe,,1893,2.2283351,True
Europe,,1894,2.398939,True
Europe,,1895,2.4426394,True
Europe,,1896,2.5333107,True
Europe,,1897,2.6373253,True
Europe,,1898,2.6993966,True
Europe,,1899,2.8513927,True
Europe,,1900,2.9655674,True
Europe,,1901,2.9146569,True
Europe,,1902,2.8915663,True
Europe,,1903,2.9839392,True
Europe,,1904,3.013114,True
Europe,,1905,3.074459,True
Europe,,1906,3.1449082,True
Europe,,1907,3.4536898,True
Europe,,1908,3.4792924,True
Europe,,1909,3.4568179,True
Europe,,1910,3.4797938,True
Europe,,1911,3.5426965,True
Europe,,1912,3.6603737,True
Europe,,1913,3.9528024,True
Europe,,1914,3.5111392,True
Europe,,1915,3.3219504,True
Europe,,1916,3.4656851,True
Europe,,1917,3.395991,True
Europe,,1918,3.0801575,True
Europe,,1919,2.6066062,True
Europe,,1920,3.0318897,True
Europe,,1921,2.7584147,True
Europe,,1922,3.0515053,True
Europe,,1923,2.894698,True
Europe,,1924,3.3144479,True
Europe,,1925,3.2563777,True
Europe,,1926,2.7801533,True
Europe,,1927,3.5135024,True
Europe,,1928,3.505239,True
Europe,,1929,3.775398,True
Europe,,1930,3.5500624,True
Europe,,1931,3.2905476,True
Europe,,1932,3.0383942,True
Europe,,1933,3.108524,True
Europe,,1934,3.3780234,True
Europe,,1935,3.5210779,True
Europe,,1936,3.712124,True
Europe,,1937,3.9983416,True
Europe,,1938,3.9890525,True
Europe,,1939,4.050125,True
Europe,,1940,4.2869287,True
Europe,,1941,4.1136103,True
Europe,,1942,3.8070135,True
Europe,,1943,3.8247538,True
Europe,,1944,3.6188488,True
Europe,,1945,2.3628044,True
Europe,,1946,3.1304212,True
Europe,,1947,3.5773764,True
Europe,,1948,3.8419907,True
Europe,,1949,4.1536,True
Europe,,1950,4.3400364,True
Europe,,1951,4.746631,True
Europe,,1952,4.8543377,True
Europe,,1953,4.9456,True
Europe,,1954,5.210114,True
Europe,,1955,5.616395,True
Europe,,1956,5.924955,True
Europe,,1957,6.115881,True
Europe,,1958,6.1143365,True
Europe,,1959,6.1868095,True
Europe,,1960,6.5408187,True
Europe,,1961,6.712825,True
Europe,,1962,7.0154433,True
Europe,,1963,7.387965,True
Europe,,1964,7.6878924,True
Europe,,1965,7.848488,True
Europe,,1966,8.055208,True
Europe,,1967,8.173356,True
Europe,,1968,8.494724,True
Europe,,1969,8.89516,True
Europe,,1970,9.271709,True
Europe,,1971,9.56214,True
Europe,,1972,9.840299,True
Europe,,1973,10.214121,True
Europe,,1974,10.181591,True
Europe,,1975,10.186608,True
Europe,,1976,10.686069,True
Europe,,1977,10.714617,True
Europe,,1978,11.000601,True
Europe,,1979,11.207606,True
Europe,,1980,11.156324,True
Europe,,1981,10.699782,True
Europe,,1982,10.57049,True
Europe,,1983,10.537113,True
Europe,,1984,10.566881,True
Europe,,1985,10.982838,True
Europe,,1986,10.955721,True
Europe,,1987,10.935495,True
Europe,,1988,10.946282,True
Europe,,1989,10.851037,True
Europe,,1990,11.092867,True
Europe,,1991,10.644728,True
Europe,,1992,9.746388,True
Europe,,1993,9.342066,True
Europe,,1994,8.837128,True
Europe,,1995,8.799638,True
Europe,,1996,8.865777,True
Europe,,1997,8.583517,True
Europe,,1998,8.553367,True
Europe,,1999,8.446814,True
Europe,,2000,8.444422,True
Europe,,2001,8.617113,True
Europe,,2002,8.5623665,True
Europe,,2003,8.74042,True
Europe,,2004,8.769858,True
Europe,,2005,8.764364,True
Europe,,2006,8.903574,True
Europe,,2007,8.812328,True
Europe,,2008,8.700884,True
Europe,,2009,7.988093,True
Europe,,2010,8.277579,True
Europe,,2011,8.167274,True
Europe,,2012,8.092183,True
Europe,,2013,7.869283,True
Europe,,2014,7.546853,True
Europe,,2015,7.537837,True
Europe,,2016,7.5005445,True
Europe,,2017,7.531351,True
Europe,,2018,7.4945617,True
Europe,,2019,7.24503,True
Europe,,2020,6.6975875,True
Europe,,2021,7.0761137,True
Europe,,2022,6.991089,True
Europe,,2023,6.688086,True
North America,,1790,0.00023660681,True
North America,,1800,0.017906494,True
North America,,1801,0.018690445,True
North America,,1802,0.01989458,True
North America,,1803,0.020074496,True
North America,,1804,0.02216836,True
North America,,1805,0.022290347,True
North America,,1806,0.021465817,True
North America,,1807,0.023872076,True
North America,,1808,0.024383908,True
North America,,1809,0.024646167,True
North America,,1810,0.024993857,True
North America,,1811,0.026250409,True
North America,,1812,0.02780726,True
North America,,1813,0.029262545,True
North America,,1814,0.030839905,True
North America,,1815,0.032332525,True
North America,,1816,0.034892946,True
North America,,1817,0.036947973,True
North America,,1818,0.03925944,True
North America,,1819,0.03754317,True
North America,,1820,0.038160235,True
North America,,1821,0.039216816,True
North America,,1822,0.040193643,True
North America,,1823,0.041189134,True
North America,,1824,0.045550894,True
North America,,1825,0.05005761,True
North America,,1826,0.056906432,True
North America,,1827,0.061460372,True
North America,,1828,0.06642322,True
North America,,1829,0.073394075,True
North America,,1830,0.08362567,True
North America,,1831,0.08897267,True
North America,,1832,0.116362855,True
North America,,1833,0.13301432,True
North America,,1834,0.12491159,True
North America,,1835,0.15617768,True
North America,,1836,0.16763563,True
North America,,1837,0.18413039,True
North America,,1838,0.17098258,True
North America,,1839,0.18355195,True
North America,,1840,0.19095269,True
North America,,1841,0.19766374,True
North America,,1842,0.21507406,True
North America,,1843,0.23570313,True
North America,,1844,0.27600986,True
North America,,1845,0.3244979,True
North America,,1846,0.3600632,True
North America,,1847,0.41689628,True
North America,,1848,0.4534168,True
North America,,1849,0.48056248,True
North America,,1850,0.5092744,True
North America,,1851,0.6188479,True
North America,,1852,0.65726495,True
North America,,1853,0.7222555,True
North America,,1854,0.7750555,True
North America,,1855,0.87044394,True
North America,,1856,0.9001846,True
North America,,1857,0.9005075,True
North America,,1858,0.89170873,True
North America,,1859,0.94741327,True
North America,,1860,0.97010434,True
North America,,1861,0.92081124,True
North America,,1862,0.9435757,True
North America,,1863,1.0660269,True
North America,,1864,1.126579,True
North America,,1865,1.11321,True
North America,,1866,1.1056702,True
North America,,1867,1.3354559,True
North America,,1868,1.4658017,True
North America,,1869,1.6312027,True
North America,,1870,1.6921569,True
North America,,1871,1.7429851,True
North America,,1872,2.090394,True
North America,,1873,2.2577796,True
North America,,1874,2.1340368,True
North America,,1875,2.1197355,True
North America,,1876,2.0338266,True
North America,,1877,2.2098958,True
North America,,1878,2.1208503,True
North America,,1879,2.5323753,True
North America,,1880,2.8470538,True
North America,,1881,2.9554796,True
North America,,1882,3.2519126,True
North America,,1883,3.443847,True
North America,,1884,3.5700428,True
North America,,1885,3.5557172,True
North America,,1886,3.6846654,True
North America,,1887,3.8751552,True
North America,,1888,4.634545,True
North America,,1889,4.077665,True
North America,,1890,4.778906,True
North America,,1891,5.013491,True
North America,,1892,5.192324,True
North America,,1893,5.1548834,True
North America,,1894,4.7534285,True
North America,,1895,5.2484255,True
North America,,1896,5.1832347,True
North America,,1897,5.3045416,True
North America,,1898,5.683655,True
North America,,1899,6.4241004,True
North America,,1900,6.690114,True
North America,,1901,7.1753335,True
North America,,1902,7.4736357,True
North America,,1903,8.568333,True
North America,,1904,8.353447,True
North America,,1905,9.157853,True
North America,,1906,9.44296,True
North America,,1907,10.804934,True
North America,,1908,9.340687,True
North America,,1909,10.100935,True
North America,,1910,10.854687,True
North America,,1911,10.69575,True
North America,,1912,11.279561,True
North America,,1913,12.024182,True
North America,,1914,10.810878,True
North America,,1915,11.025595,True
North America,,1916,12.159737,True
North America,,1917,13.2654295,True
North America,,1918,13.719123,True
North America,,1919,11.558787,True
North America,,1920,13.555522,True
North America,,1921,11.211843,True
North America,,1922,11.019869,True
North America,,1923,14.071137,True
North America,,1924,12.396916,True
North America,,1925,12.520027,True
North America,,1926,13.276099,True
North America,,1927,12.7687435,True
North America,,1928,12.341001,True
North America,,1929,13.013824,True
North America,,1930,11.463742,True
North America,,1931,9.612037,True
North America,,1932,8.109149,True
North America,,1933,8.583557,True
North America,,1934,9.09275,True
North America,,1935,9.345112,True
North America,,1936,10.587172,True
North America,,1937,11.00871,True
North America,,1938,9.288044,True
North America,,1939,10.104448,True
North America,,1940,11.191834,True
North America,,1941,12.014413,True
North America,,1942,12.702232,True
North America,,1943,12.911896,True
North America,,1944,13.608128,True
North America,,1945,12.901245,True
North America,,1946,12.218642,True
North America,,1947,13.183822,True
North America,,1948,13.504565,True
North America,,1949,11.205984,True
North America,,1950,12.471011,True
North America,,1951,12.680534,True
North America,,1952,12.1362295,True
North America,,1953,12.190471,True
North America,,1954,11.48483,True
North America,,1955,12.297914,True
North America,,1956,12.706579,True
North America,,1957,12.379092,True
North America,,1958,11.826562,True
North America,,1959,11.947717,True
North America,,1960,11.98513,True
North America,,1961,11.723452,True
North America,,1962,11.9365015,True
North America,,1963,12.17241,True
North America,,1964,12.559196,True
North America,,1965,12.837276,True
North America,,1966,13.227028,True
North America,,1967,13.563191,True
North America,,1968,13.866929,True
North America,,1969,14.31865,True
North America,,1970,15.20638,True
North America,,1971,15.109615,True
North America,,1972,15.612559,True
North America,,1973,16.0812,True
North America,,1974,15.419613,True
North America,,1975,14.843017,True
North America,,1976,15.510222,True
North America,,1977,15.736182,True
North America,,1978,15.758348,True
North America,,1979,15.85819,True
North America,,1980,15.173952,True
North America,,1981,14.632073,True
North America,,1982,13.825196,True
North America,,1983,13.482676,True
North America,,1984,13.962827,True
North America,,1985,13.789112,True
North America,,1986,13.573925,True
North America,,1987,13.908302,True
North America,,1988,14.335668,True
North America,,1989,14.418974,True
North America,,1990,14.1557665,True
North America,,1991,13.824609,True
North America,,1992,13.916856,True
North America,,1993,13.962886,True
North America,,1994,14.055631,True
North America,,1995,14.010028,True
North America,,1996,14.318353,True
North America,,1997,14.39921,True
North America,,1998,14.382261,True
North America,,1999,14.414846,True
North America,,2000,14.75841,True
North America,,2001,14.4046755,True
North America,,2002,14.345273,True
North America,,2003,14.413007,True
North America,,2004,14.451712,True
North America,,2005,14.3836,True
North America,,2006,14.101607,True
North America,,2007,14.141392,True
North America,,2008,13.537206,True
North America,,2009,12.478563,True
North America,,2010,12.736301,True
North America,,2011,12.417495,True
North America,,2012,11.948846,True
North America,,2013,12.064964,True
North America,,2014,12.008226,True
North America,,2015,11.624476,True
North America,,2016,11.272367,True
North America,,2017,11.078622,True
North America,,2018,11.282626,True
North America,,2019,11.00406,True
North America,,2020,9.80894,True
North America,,2021,10.378813,True
North America,,2022,10.442552,True
North America,,2023,10.128122,True
Oceania,,1750,0.0,True
Oceania,,1760,0.0,True
Oceania,,1770,0.0,True
Oceania,,1780,0.0,True
Oceania,,1790,0.0,True
Oceania,,1800,0.0,True
Oceania,,1801,0.0,True
Oceania,,1802,0.0,True
Oceania,,1803,0.0,True
Oceania,,1804,0.0,True
Oceania,,1805,0.00015933833,True
Oceania,,1806,0.0004461631,True
Oceania,,1807,0.00042435058,True
Oceania,,1808,0.0005305537,True
Oceania,,1809,0.00084793137,True
Oceania,,1810,0.00082576927,True
Oceania,,1811,0.0014794975,True
Oceania,,1812,0.0014770633,True
Oceania,,1813,0.0018952437,True
Oceania,,1814,0.0023046676,True
Oceania,,1815,0.001834278,True
Oceania,,1816,0.001515951,True
Oceania,,1817,0.0013553773,True
Oceania,,1818,0.0012476186,True
Oceania,,1819,0.0023331456,True
Oceania,,1820,0.0039380146,True
Oceania,,1821,0.0020656504,True
Oceania,,1822,0.002578651,True
Oceania,,1823,0.003091105,True
Oceania,,1824,0.003088322,True
Oceania,,1825,0.0018761529,True
Oceania,,1826,0.0041537895,True
Oceania,,1827,0.0038510903,True
Oceania,,1828,0.0024680768,True
Oceania,,1829,0.003925336,True
Oceania,,1830,0.003633419,True
Oceania,,1831,0.0009199888,True
Oceania,,1832,0.0072489707,True
Oceania,,1833,0.0068814037,True
Oceania,,1834,0.008535616,True
Oceania,,1835,0.012397378,True
Oceania,,1836,0.0125861,True
Oceania,,1837,0.015921783,True
Oceania,,1838,0.01695348,True
Oceania,,1839,0.020810999,True
Oceania,,1840,0.0285632,True
Oceania,,1841,0.033472385,True
Oceania,,1842,0.03792042,True
Oceania,,1843,0.023136506,True
Oceania,,1844,0.021438023,True
Oceania,,1845,0.020441193,True
Oceania,,1846,0.035219725,True
Oceania,,1847,0.036333516,True
Oceania,,1848,0.03999662,True
Oceania,,1849,0.04198542,True
Oceania,,1850,0.05658072,True
Oceania,,1851,0.05592793,True
Oceania,,1852,0.054187104,True
Oceania,,1853,0.07533889,True
Oceania,,1854,0.087756604,True
Oceania,,1855,0.09957047,True
Oceania,,1856,0.13304174,True
Oceania,,1857,0.14190914,True
Oceania,,1858,0.14032105,True
Oceania,,1859,0.19287787,True
Oceania,,1860,0.22673167,True
Oceania,,1861,0.20993423,True
Oceania,,1862,0.28782222,True
Oceania,,1863,0.25788823,True
Oceania,,1864,0.31655836,True
Oceania,,1865,0.33397898,True
Oceania,,1866,0.4296602,True
Oceania,,1867,0.40700552,True
Oceania,,1868,0.49171588,True
Oceania,,1869,0.4598899,True
Oceania,,1870,0.42452982,True
Oceania,,1871,0.43425167,True
Oceania,,1872,0.483866,True
Oceania,,1873,0.56044054,True
Oceania,,1874,0.6057521,True
Oceania,,1875,0.59927016,True
Oceania,,1876,0.5922023,True
Oceania,,1877,0.63846064,True
Oceania,,1878,0.7699141,True
Oceania,,1879,0.797371,True
Oceania,,1880,0.76770675,True
Oceania,,1881,0.90166235,True
Oceania,,1882,1.0351987,True
Oceania,,1883,1.1990659,True
Oceania,,1884,1.2900813,True
Oceania,,1885,1.3515136,True
Oceania,,1886,1.3211308,True
Oceania,,1887,1.3432807,True
Oceania,,1888,1.4593703,True
Oceania,,1889,1.5473624,True
Oceania,,1890,1.3625517,True
Oceania,,1891,1.6477367,True
Oceania,,1892,1.5402519,True
Oceania,,1893,1.394479,True
Oceania,,1894,1.5269287,True
Oceania,,1895,1.5494742,True
Oceania,,1896,1.6291397,True
Oceania,,1897,1.7568121,True
Oceania,,1898,1.8639662,True
Oceania,,1899,1.8949157,True
Oceania,,1900,2.1297188,True
Oceania,,1901,2.398582,True
Oceania,,1902,2.4026918,True
Oceania,,1903,2.363649,True
Oceania,,1904,2.4231951,True
Oceania,,1905,2.485356,True
Oceania,,1906,2.8574042,True
Oceania,,1907,3.027907,True
Oceania,,1908,3.1917098,True
Oceania,,1909,2.8318686,True
Oceania,,1910,3.3242135,True
Oceania,,1911,3.530919,True
Oceania,,1912,3.774761,True
Oceania,,1913,3.867985,True
Oceania,,1914,4.2468805,True
Oceania,,1915,3.8045247,True
Oceania,,1916,3.4347842,True
Oceania,,1917,3.5402331,True
Oceania,,1918,3.757969,True
Oceania,,1919,3.49445,True
Oceania,,1920,3.8772013,True
Oceania,,1921,3.510862,True
Oceania,,1922,3.6104672,True
Oceania,,1923,3.6792982,True
Oceania,,1924,3.9433222,True
Oceania,,1925,4.0621634,True
Oceania,,1926,3.9878254,True
Oceania,,1927,4.1629214,True
Oceania,,1928,3.8592007,True
Oceania,,1929,3.580529,True
Oceania,,1930,3.3903053,True
Oceania,,1931,2.920057,True
Oceania,,1932,2.8755095,True
Oceania,,1933,3.0296645,True
Oceania,,1934,3.1927643,True
Oceania,,1935,3.461274,True
Oceania,,1936,3.6665754,True
Oceania,,1937,3.8941302,True
Oceania,,1938,3.8277617,True
Oceania,,1939,4.2247157,True
Oceania,,1940,3.9086487,True
Oceania,,1941,4.277715,True
Oceania,,1942,4.467558,True
Oceania,,1943,4.332158,True
Oceania,,1944,4.244469,True
Oceania,,1945,4.005228,True
Oceania,,1946,4.220124,True
Oceania,,1947,4.3274937,True
Oceania,,1948,4.4369144,True
Oceania,,1949,4.443873,True
Oceania,,1950,5.1796675,True
Oceania,,1951,5.4405174,True
Oceania,,1952,5.517898,True
Oceania,,1953,5.3786316,True
Oceania,,1954,5.6657767,True
Oceania,,1955,5.867113,True
Oceania,,1956,6.0268946,True
Oceania,,1957,5.9240394,True
Oceania,,1958,5.9242535,True
Oceania,,1959,6.126216,True
Oceania,,1960,6.363156,True
Oceania,,1961,6.2171125,True
Oceania,,1962,6.277265,True
Oceania,,1963,6.5223575,True
Oceania,,1964,6.925097,True
Oceania,,1965,7.397585,True
Oceania,,1966,7.402917,True
Oceania,,1967,7.6110053,True
Oceania,,1968,7.840994,True
Oceania,,1969,8.129324,True
Oceania,,1970,8.582403,True
Oceania,,1971,8.572796,True
Oceania,,1972,8.547465,True
Oceania,,1973,9.34125,True
Oceania,,1974,9.045361,True
Oceania,,1975,9.192579,True
Oceania,,1976,8.951953,True
Oceania,,1977,9.450861,True
Oceania,,1978,9.620124,True
Oceania,,1979,9.510918,True
Oceania,,1980,9.976412,True
Oceania,,1981,10.190011,True
Oceania,,1982,10.260925,True
Oceania,,1983,9.655535,True
Oceania,,1984,9.977391,True
Oceania,,1985,10.246483,True
Oceania,,1986,10.115782,True
Oceania,,1987,10.434084,True
Oceania,,1988,10.55867,True
Oceania,,1989,11.009869,True
Oceania,,1990,11.631334,True
Oceania,,1991,11.50744,True
Oceania,,1992,11.584653,True
Oceania,,1993,11.569558,True
Oceania,,1994,11.5813055,True
Oceania,,1995,11.800394,True
Oceania,,1996,11.902845,True
Oceania,,1997,12.071582,True
Oceania,,1998,12.333371,True
Oceania,,1999,12.502916,True
Oceania,,2000,12.5565815,True
Oceania,,2001,12.68603,True
Oceania,,2002,12.655363,True
Oceania,,2003,12.74918,True
Oceania,,2004,12.965085,True
Oceania,,2005,12.905806,True
Oceania,,2006,12.865789,True
Oceania,,2007,12.852808,True
Oceania,,2008,12.740268,True
Oceania,,2009,12.473266,True
Oceania,,2010,12.215351,True
Oceania,,2011,11.974459,True
Oceania,,2012,11.847845,True
Oceania,,2013,11.453989,True
Oceania,,2014,11.170394,True
Oceania,,2015,11.20562,True
Oceania,,2016,11.212951,True
Oceania,,2017,11.126029,True
Oceania,,2018,11.01326,True
Oceania,,2019,10.870177,True
Oceania,,2020,10.262237,True
Oceania,,2021,9.925465,True
Oceania,,2022,9.6684675,True
Oceania,,2023,9.498645,True
South America,,1844,0.0014039242,True
South America,,1845,0.002053181,True
South America,,1846,0.002550151,True
South America,,1847,0.0030576747,True
South America,,1848,0.0034128835,True
South America,,1849,0.0061191246,True
South America,,1850,0.0048894696,True
South America,,1851,0.005662584,True
South America,,1852,0.0091734305,True
South America,,1853,0.005859478,True
South America,,1854,0.0002685756,True
South America,,1855,0.0074515436,True
South America,,1856,0.027229564,True
South America,,1857,0.04267045,True
South America,,1858,0.046171896,True
South America,,1859,0.036001474,True
South America,,1860,0.04850115,True
South America,,1861,0.044145875,True
South America,,1862,0.040292315,True
South America,,1863,0.043720767,True
South America,,1864,0.053091038,True
South America,,1865,0.0614143,True
South America,,1866,0.0828002,True
South America,,1867,0.0869269,True
South America,,1868,0.09990708,True
South America,,1869,0.0884349,True
South America,,1870,0.08925572,True
South America,,1871,0.093262084,True
South America,,1872,0.122471064,True
South America,,1873,0.1325245,True
South America,,1874,0.14764744,True
South America,,1875,0.12602736,True
South America,,1876,0.12251304,True
South America,,1877,0.112519205,True
South America,,1878,0.10823685,True
South America,,1879,0.110142805,True
South America,,1880,0.12377966,True
South America,,1881,0.13206337,True
South America,,1882,0.13241042,True
South America,,1883,0.1381004,True
South America,,1884,0.15397647,True
South America,,1885,0.15740004,True
South America,,1886,0.14477074,True
South America,,1887,0.16448963,True
South America,,1888,0.19616435,True
South America,,1889,0.22697216,True
South America,,1890,0.18685704,True
South America,,1891,0.19056651,True
South America,,1892,0.19093779,True
South America,,1893,0.1871768,True
South America,,1894,0.22925468,True
South America,,1895,0.22868921,True
South America,,1896,0.24172585,True
South America,,1897,0.22009735,True
South America,,1898,0.23147582,True
South America,,1899,0.23780607,True
South America,,1900,0.21621478,True
South America,,1901,0.22880019,True
South America,,1902,0.23927331,True
South America,,1903,0.23916085,True
South America,,1904,0.2441603,True
South America,,1905,0.27950913,True
South America,,1906,0.3327609,True
South America,,1907,0.37236306,True
South America,,1908,0.3854601,True
South America,,1909,0.37234485,True
South America,,1910,0.409141,True
South America,,1911,0.46478626,True
South America,,1912,0.47052085,True
South America,,1913,0.4845292,True
South America,,1914,0.3947213,True
South America,,1915,0.2812881,True
South America,,1916,0.25774732,True
South America,,1917,0.22582251,True
South America,,1918,0.19718663,True
South America,,1919,0.22625773,True
South America,,1920,0.2625075,True
South America,,1921,0.24539292,True
South America,,1922,0.27437925,True
South America,,1923,0.3052269,True
South America,,1924,0.37482536,True
South America,,1925,0.3898891,True
South America,,1926,0.3971582,True
South America,,1927,0.426782,True
South America,,1928,0.43834385,True
South America,,1929,0.47283188,True
South America,,1930,0.3948104,True
South America,,1931,0.3535584,True
South America,,1932,0.39088354,True
South America,,1933,0.4336828,True
South America,,1934,0.4763104,True
South America,,1935,0.5045812,True
South America,,1936,0.48874187,True
South America,,1937,0.60005814,True
South America,,1938,0.54905653,True
South America,,1939,0.5266004,True
South America,,1940,0.56424356,True
South America,,1941,0.5589522,True
South America,,1942,0.51370543,True
South America,,1943,0.50880134,True
South America,,1944,0.54848903,True
South America,,1945,0.54272,True
South America,,1946,0.5582945,True
South America,,1947,0.5954354,True
South America,,1948,0.6482543,True
South America,,1949,0.64339936,True
South America,,1950,1.0041252,True
South America,,1951,1.1316378,True
South America,,1952,1.1869769,True
South America,,1953,1.1484048,True
South America,,1954,1.2002786,True
South America,,1955,1.3150389,True
South America,,1956,1.3855478,True
South America,,1957,1.4118547,True
South America,,1958,1.2726239,True
South America,,1959,1.3643128,True
South America,,1960,1.3418474,True
South America,,1961,1.322744,True
South America,,1962,1.3757348,True
South America,,1963,1.3623674,True
South America,,1964,1.3916813,True
South America,,1965,1.4144202,True
South America,,1966,1.4471157,True
South America,,1967,1.4974184,True
South America,,1968,1.5722023,True
South America,,1969,1.6611322,True
South America,,1970,1.7612857,True
South America,,1971,1.7654233,True
South America,,1972,1.8049742,True
South America,,1973,1.9106458,True
South America,,1974,1.9812641,True
South America,,1975,1.9145433,True
South America,,1976,1.9070463,True
South America,,1977,1.9335144,True
South America,,1978,2.0091722,True
South America,,1979,2.1016436,True
South America,,1980,2.1134648,True
South America,,1981,1.9912705,True
South America,,1982,1.952632,True
South America,,1983,1.8910402,True
South America,,1984,1.872352,True
South America,,1985,1.872126,True
South America,,1986,1.9365332,True
South America,,1987,1.9968826,True
South America,,1988,2.0391772,True
South America,,1989,1.9988374,True
South America,,1990,2.0242348,True
South America,,1991,2.0137577,True
South America,,1992,2.0179183,True
South America,,1993,2.0946045,True
South America,,1994,2.068786,True
South America,,1995,2.1404684,True
South America,,1996,2.1989539,True
South America,,1997,2.306244,True
South America,,1998,2.3422096,True
South America,,1999,2.371028,True
South America,,2000,2.3355525,True
South America,,2001,2.245923,True
South America,,2002,2.2949753,True
South America,,2003,2.268036,True
South America,,2004,2.3400238,True
South America,,2005,2.3792698,True
South America,,2006,2.4261527,True
South America,,2007,2.4917042,True
South America,,2008,2.580225,True
South America,,2009,2.4859676,True
South America,,2010,2.7460268,True
South America,,2011,2.762352,True
South America,,2012,2.8741672,True
South America,,2013,3.0076852,True
South America,,2014,3.0187407,True
South America,,2015,2.919601,True
South America,,2016,2.7744315,True
South America,,2017,2.711443,True
South America,,2018,2.5650232,True
South America,,2019,2.562557,True
South America,,2020,2.2995842,True
South America,,2021,2.522531,True
South America,,2022,2.548061,True
South America,,2023,2.5627933,True
